area_name_en,property_type_en,median_price,meter_sale_price,price_per_sqm,sale_count,growth_stage,median_rent,meter_rent_price,rent_count,rental_yield,growth_stage_encoded,cluster_id,cluster_label
Abu Hail,Building,1300000.0,4305.52,6340.082859287472,79,,7000000.0,30138.64,2,5.3846,,4,"Cluster 4: Yield 521.0%, Price AED 5035274, Stage ~ 0.0."
Abu Hail,Villa,1150000.0,4403.845,4804.999719524799,462,,3300000.0,2653.18,3,2.8696,,2,"Cluster 2: Yield 119.0%, Price AED 3423726, Stage ~ 0.14."
Al Bada,Building,2712500.0,10410.61,16074.700416244175,158,,,,2,,,0,"Cluster 0: Yield 76.0%, Price AED 8661525, Stage ~ 0.29."
Al Bada,Land,3150000.0,8611.085,10777.43481830095,36,,,,1,,,2,"Cluster 2: Yield 119.0%, Price AED 3423726, Stage ~ 0.14."
Al Bada,Villa,2500023.0,7175.94,9100.844608281488,387,,2000000.0,7688.46,8,0.8,,2,"Cluster 2: Yield 119.0%, Price AED 3423726, Stage ~ 0.14."
Al Baraha,Building,4664000.0,21605.29,24304.65958944362,178,,,,2,,,0,"Cluster 0: Yield 76.0%, Price AED 8661525, Stage ~ 0.29."
Al Baraha,Villa,1725000.0,3181.255,5621.455184712303,40,,6000000.0,19118.63,3,3.4783,,4,"Cluster 4: Yield 521.0%, Price AED 5035274, Stage ~ 0.0."
Al Barsha First,Building,12377935.0,7292.55,16840.572496274217,306,,,,2,,,0,"Cluster 0: Yield 76.0%, Price AED 8661525, Stage ~ 0.29."
Al Barsha First,Unit,1055888.0,13822.735,12727.91165517515,162,,960000.0,7843.78,5,0.9092,,2,"Cluster 2: Yield 119.0%, Price AED 3423726, Stage ~ 0.14."
Al Barsha First,Villa,7777696.0,2906.26,4815.200789764776,65,,,,4,,,2,"Cluster 2: Yield 119.0%, Price AED 3423726, Stage ~ 0.14."
Al Barsha Second,Building,4425000.0,3534.14,4394.823806217366,98,,,,1,,,2,"Cluster 2: Yield 119.0%, Price AED 3423726, Stage ~ 0.14."
Al Barsha Second,Land,3394700.0,2888.31,2556.6802735234533,160,,2795000.0,2005.67,4,0.8233,,2,"Cluster 2: Yield 119.0%, Price AED 3423726, Stage ~ 0.14."
Al Barsha Second,Villa,2487500.0,1829.86,2600.160309831213,408,,5621625.0,4034.035,24,2.2599,,2,"Cluster 2: Yield 119.0%, Price AED 3423726, Stage ~ 0.14."
Al Barsha South Fifth,Land,4252000.0,3870.23,5591.485997188093,144,Off-Plan or Launch,4900000.0,9074.07,2,1.1524,0.0,2,"Cluster 2: Yield 119.0%, Price AED 3423726, Stage ~ 0.14."
Al Barsha South Fifth,Unit,774249.0,10218.72,10127.337959236473,1313,Maturity,784000.0,7681.94,146,1.0126,2.0,1,"Cluster 1: Yield 92.0%, Price AED 3084163, Stage ~ 2.54."
Al Barsha South Fifth,Villa,1790000.0,4701.96,5142.918993529174,1695,Off-Plan or Launch,1683000.0,3691.16,812,0.9402,0.0,2,"Cluster 2: Yield 119.0%, Price AED 3423726, Stage ~ 0.14."
Al Barsha South Fourth,Building,12787514.0,4843.79,8019.125232168597,151,Off-Plan or Launch,46550000.0,21594.61,8,3.6403,0.0,4,"Cluster 4: Yield 521.0%, Price AED 5035274, Stage ~ 0.0."
Al Barsha South Fourth,Land,9081403.0,4236.44,6351.498416808247,499,Off-Plan or Launch,,,1,,0.0,2,"Cluster 2: Yield 119.0%, Price AED 3423726, Stage ~ 0.14."
Al Barsha South Fourth,Unit,660000.0,9501.04,9902.835506017413,14270,Off-Plan or Launch,619040.0,7037.3,1650,0.9379,0.0,2,"Cluster 2: Yield 119.0%, Price AED 3423726, Stage ~ 0.14."
Al Barsha South Fourth,Villa,2000000.0,9666.5,10052.071554184766,2304,Off-Plan or Launch,1700000.0,7000.0,714,0.85,0.0,2,"Cluster 2: Yield 119.0%, Price AED 3423726, Stage ~ 0.14."
Al Barsha Third,Building,3150000.0,2529.51,3653.972798237293,65,,7700000.0,5525.46,1,2.4444,,2,"Cluster 2: Yield 119.0%, Price AED 3423726, Stage ~ 0.14."
Al Barsha Third,Land,3275785.0,2518.75,3757.478128598053,205,,,,1,,,2,"Cluster 2: Yield 119.0%, Price AED 3423726, Stage ~ 0.14."
Al Barsha Third,Villa,2499500.0,1895.075,2778.1169305359163,362,,5880000.0,4219.44,10,2.3525,,2,"Cluster 2: Yield 119.0%, Price AED 3423726, Stage ~ 0.14."
Al Barshaa South First,Land,3380000.0,3345.77,3414.6337305247853,22,,2220000.0,1991.32,1,0.6568,,2,"Cluster 2: Yield 119.0%, Price AED 3423726, Stage ~ 0.14."
Al Barshaa South First,Villa,3500000.0,3290.64,3241.3732522759115,19,,2696500.0,1957.19,3,0.7704,,2,"Cluster 2: Yield 119.0%, Price AED 3423726, Stage ~ 0.14."
Al Barshaa South Second,Land,10500000.0,3622.35,5137.7269482255815,53,Off-Plan or Launch,,,1,,0.0,2,"Cluster 2: Yield 119.0%, Price AED 3423726, Stage ~ 0.14."
Al Barshaa South Second,Unit,885000.0,9795.15,11651.928189747245,377,Maturity,932800.0,7810.08,45,1.054,2.0,1,"Cluster 1: Yield 92.0%, Price AED 3084163, Stage ~ 2.54."
Al Barshaa South Second,Villa,3962500.0,10945.905,10867.627269259629,166,Maturity,3071250.0,8512.9,42,0.7751,2.0,1,"Cluster 1: Yield 92.0%, Price AED 3084163, Stage ~ 2.54."
Al Barshaa South Third,Land,13081583.0,3229.17,4168.7984331571015,195,Off-Plan or Launch,49000000.0,14360.99,3,3.7457,0.0,4,"Cluster 4: Yield 521.0%, Price AED 5035274, Stage ~ 0.0."
Al Barshaa South Third,Unit,586800.0,9775.91,9965.131370591002,3421,Off-Plan or Launch,645000.0,7809.07,163,1.0992,0.0,2,"Cluster 2: Yield 119.0%, Price AED 3423726, Stage ~ 0.14."
Al Dhagaya,Building,3275000.0,26910.18,34565.95193630506,192,,,,1,,,0,"Cluster 0: Yield 76.0%, Price AED 8661525, Stage ~ 0.29."
Al Eyas,Villa,7507500.0,306.74,306.7374322540899,2,,,,1,,,2,"Cluster 2: Yield 119.0%, Price AED 3423726, Stage ~ 0.14."
Al Garhoud,Building,25000000.0,10230.02,11720.646861722214,35,,,,1,,,0,"Cluster 0: Yield 76.0%, Price AED 8661525, Stage ~ 0.29."
Al Goze First,Villa,1470000.0,2690.95,2921.8793328237525,169,,2800000.0,4440.13,9,1.9048,,2,"Cluster 2: Yield 119.0%, Price AED 3423726, Stage ~ 0.14."
Al Goze Fourth,Unit,540573.5,6495.56,6629.580348551574,450,Maturity,1317000.0,4003.99,169,2.4363,2.0,1,"Cluster 1: Yield 92.0%, Price AED 3084163, Stage ~ 2.54."
Al Goze Fourth,Villa,2250000.0,4070.31,4192.315016924011,30,Maturity,1968000.0,3260.385,14,0.8747,2.0,1,"Cluster 1: Yield 92.0%, Price AED 3084163, Stage ~ 2.54."
Al Goze Third,Building,25363542.0,11840.34,13421.370258640469,12,,,,1,,,0,"Cluster 0: Yield 76.0%, Price AED 8661525, Stage ~ 0.29."
Al Hamriya,Building,4900000.0,14637.12,17065.304862836107,210,,,,3,,,0,"Cluster 0: Yield 76.0%, Price AED 8661525, Stage ~ 0.29."
Al Hebiah Fifth,Unit,700280.0,8508.72,8386.458017108904,3567,Early Growth,814404.0,8656.49,1540,1.163,1.0,2,"Cluster 2: Yield 119.0%, Price AED 3423726, Stage ~ 0.14."
Al Hebiah First,Unit,1051114.0,8035.9,8424.806093015768,4252,Off-Plan or Launch,1061000.0,7252.775,833,1.0094,0.0,2,"Cluster 2: Yield 119.0%, Price AED 3423726, Stage ~ 0.14."
Al Hebiah First,Villa,3583800.0,9058.57,8629.739401329525,419,Maturity,2603684.0,4732.455,138,0.7265,2.0,1,"Cluster 1: Yield 92.0%, Price AED 3084163, Stage ~ 2.54."
Al Hebiah Fourth,Land,10000000.0,7394.8,9134.404776600286,67,Off-Plan or Launch,4946189.5,11127.51,9,0.4946,0.0,2,"Cluster 2: Yield 119.0%, Price AED 3423726, Stage ~ 0.14."
Al Hebiah Fourth,Unit,585000.0,8729.895,9814.897024040867,9524,Stabilized / Legacy,680000.0,7468.52,1358,1.1624,3.0,1,"Cluster 1: Yield 92.0%, Price AED 3084163, Stage ~ 2.54."
Al Hebiah Fourth,Villa,3740000.0,7411.86,8368.574234946527,1221,Stabilized / Legacy,2508637.0,4399.055,902,0.6708,3.0,1,"Cluster 1: Yield 92.0%, Price AED 3084163, Stage ~ 2.54."
Al Hebiah Second,Unit,680000.0,9696.19,10967.481038178918,351,Maturity,502500.0,5175.67,13,0.739,2.0,1,"Cluster 1: Yield 92.0%, Price AED 3084163, Stage ~ 2.54."
Al Hebiah Second,Villa,14835000.0,7933.23,8091.02334965012,48,Stabilized / Legacy,9600000.0,4254.6,20,0.6471,3.0,1,"Cluster 1: Yield 92.0%, Price AED 3084163, Stage ~ 2.54."
Al Hebiah Sixth,Land,2300000.0,10660.875,10869.11741063889,116,Early Growth,1700000.0,7174.32,37,0.7391,1.0,2,"Cluster 2: Yield 119.0%, Price AED 3423726, Stage ~ 0.14."
Al Hebiah Sixth,Villa,2850000.0,9252.04,9606.043892653684,530,Maturity,1840000.0,6519.0,145,0.6456,2.0,1,"Cluster 1: Yield 92.0%, Price AED 3084163, Stage ~ 2.54."
Al Hebiah Third,Land,3090000.0,7898.63,7701.376862815101,501,Off-Plan or Launch,2362500.0,5107.28,57,0.7646,0.0,2,"Cluster 2: Yield 119.0%, Price AED 3423726, Stage ~ 0.14."
Al Hebiah Third,Unit,700000.0,11481.57,11636.411654562928,1378,Stabilized / Legacy,1124500.0,8851.52,83,1.6064,3.0,1,"Cluster 1: Yield 92.0%, Price AED 3084163, Stage ~ 2.54."
Al Hebiah Third,Villa,3093900.0,9325.58,9704.125420187362,819,Stabilized / Legacy,2325000.0,6333.33,178,0.7515,3.0,1,"Cluster 1: Yield 92.0%, Price AED 3084163, Stage ~ 2.54."
Al Hudaiba,Villa,4800000.0,2511.57,3362.9422039099354,13,,,,1,,,2,"Cluster 2: Yield 119.0%, Price AED 3423726, Stage ~ 0.14."
Al Jadaf,Land,14872930.0,11775.73,12463.276342196588,629,Off-Plan or Launch,12864129.0,12391.99,3,0.8649,0.0,0,"Cluster 0: Yield 76.0%, Price AED 8661525, Stage ~ 0.29."
Al Jadaf,Unit,1143202.0,13552.07,14053.508733337412,1383,Maturity,1291146.5,11022.585,241,1.1294,2.0,1,"Cluster 1: Yield 92.0%, Price AED 3084163, Stage ~ 2.54."
Al Karama,Building,5000000.0,16115.955,19349.61671401525,300,,,,4,,,0,"Cluster 0: Yield 76.0%, Price AED 8661525, Stage ~ 0.29."
Al Khabeesi,Building,5750000.0,6454.195,8620.484510364875,88,,,,4,,,2,"Cluster 2: Yield 119.0%, Price AED 3423726, Stage ~ 0.14."
Al Khairan First,Unit,2200000.0,21796.05,22241.599260503484,1439,Off-Plan or Launch,1586500.0,16496.36,93,0.7211,0.0,0,"Cluster 0: Yield 76.0%, Price AED 8661525, Stage ~ 0.29."
Al Khawaneej First,Land,3600000.0,3237.3100000000004,3127.6768345491764,308,,,,5,,,2,"Cluster 2: Yield 119.0%, Price AED 3423726, Stage ~ 0.14."
Al Khawaneej First,Villa,2508000.0,1369.525,2283.127278929632,52,,3870000.0,2082.82,4,1.5431,,2,"Cluster 2: Yield 119.0%, Price AED 3423726, Stage ~ 0.14."
Al Khawaneej Second,Building,3000000.0,806.995,1674.849346805919,14,,,,1,,,2,"Cluster 2: Yield 119.0%, Price AED 3423726, Stage ~ 0.14."
Al Khawaneej Second,Villa,2400000.0,2031.23,1856.4273344753703,12,,2720000.0,2306.79,2,1.1333,,2,"Cluster 2: Yield 119.0%, Price AED 3423726, Stage ~ 0.14."
Al Kheeran,Unit,2650000.0,12760.94,12674.2968154422,359,,2085000.0,9004.92,93,0.7868,,2,"Cluster 2: Yield 119.0%, Price AED 3423726, Stage ~ 0.14."
Al Kheeran,Villa,5150000.0,13668.9,14166.20550680394,59,,4162200.0,8762.0,11,0.8082,,0,"Cluster 0: Yield 76.0%, Price AED 8661525, Stage ~ 0.29."
Al Kifaf,Unit,2451601.5,18769.55,18726.423248017218,178,Early Growth,1387500.0,11651.86,15,0.566,1.0,0,"Cluster 0: Yield 76.0%, Price AED 8661525, Stage ~ 0.29."
Al Mamzer,Building,22800000.0,11861.37,17048.50644793205,27,,4650000.0,2843.88,3,0.2039,,0,"Cluster 0: Yield 76.0%, Price AED 8661525, Stage ~ 0.29."
Al Mamzer,Land,7697000.0,5059.42,6160.5881694686,145,Off-Plan or Launch,,,3,,0.0,2,"Cluster 2: Yield 119.0%, Price AED 3423726, Stage ~ 0.14."
Al Mamzer,Villa,3475000.0,3336.8050000000003,3474.4652022366704,86,,2650000.0,3169.36,2,0.7626,,2,"Cluster 2: Yield 119.0%, Price AED 3423726, Stage ~ 0.14."
Al Manara,Land,5975000.0,4305.555,7569.191536346087,70,,5249533.0,5650.55,3,0.8786,,2,"Cluster 2: Yield 119.0%, Price AED 3423726, Stage ~ 0.14."
Al Manara,Villa,4500000.0,3336.8,4922.1116556684765,235,,6240000.0,6472.1,6,1.3867,,2,"Cluster 2: Yield 119.0%, Price AED 3423726, Stage ~ 0.14."
Al Mararr,Building,5400000.0,27286.32,32120.81818865219,360,,,,2,,,0,"Cluster 0: Yield 76.0%, Price AED 8661525, Stage ~ 0.29."
Al Merkadh,Land,5218655.0,8718.77,10866.35395846956,261,Off-Plan or Launch,13107500.0,16970.365,4,2.5117,0.0,2,"Cluster 2: Yield 119.0%, Price AED 3423726, Stage ~ 0.14."
Al Merkadh,Unit,1250000.0,19501.48,19944.38857144274,2361,Off-Plan or Launch,928000.0,16328.01,108,0.7424,0.0,0,"Cluster 0: Yield 76.0%, Price AED 8661525, Stage ~ 0.29."
Al Merkadh,Villa,14900000.0,18945.63,19068.87876373645,315,Maturity,8157720.16,9441.7,19,0.5475,2.0,1,"Cluster 1: Yield 92.0%, Price AED 3084163, Stage ~ 2.54."
Al Mizhar First,Building,3000000.0,2152.79,2215.2524029399165,33,,2032800.0,2374.74,2,0.6776,,2,"Cluster 2: Yield 119.0%, Price AED 3423726, Stage ~ 0.14."
Al Mizhar First,Land,2893400.0,2637.16,2246.88783632881,126,,,,1,,,2,"Cluster 2: Yield 119.0%, Price AED 3423726, Stage ~ 0.14."
Al Mizhar First,Villa,2000000.0,1808.33,2278.9055870027,289,,4500000.0,2834.49,13,2.25,,2,"Cluster 2: Yield 119.0%, Price AED 3423726, Stage ~ 0.14."
Al Mizhar Second,Land,2168915.0,1237.85,1429.5866160113803,103,,,,1,,,2,"Cluster 2: Yield 119.0%, Price AED 3423726, Stage ~ 0.14."
Al Mizhar Second,Villa,1850000.0,1560.77,1929.415496189694,172,,3500000.0,2592.065,12,1.8919,,2,"Cluster 2: Yield 119.0%, Price AED 3423726, Stage ~ 0.14."
Al Murqabat,Building,9363000.0,16759.135,21335.24918581195,198,,,,2,,,0,"Cluster 0: Yield 76.0%, Price AED 8661525, Stage ~ 0.29."
Al Muteena,Building,2600000.0,8611.13,11375.443870483035,251,,,,5,,,2,"Cluster 2: Yield 119.0%, Price AED 3423726, Stage ~ 0.14."
Al Nahda First,Building,26426700.0,9149.330000000002,19352.492547981536,40,,,,2,,,0,"Cluster 0: Yield 76.0%, Price AED 8661525, Stage ~ 0.29."
Al Nahda Second,Building,13500000.0,7789.21,13502.95087621408,231,,,,1,,,0,"Cluster 0: Yield 76.0%, Price AED 8661525, Stage ~ 0.29."
Al Qusais First,Building,11475000.0,6436.935,10658.69249567838,70,,,,2,,,2,"Cluster 2: Yield 119.0%, Price AED 3423726, Stage ~ 0.14."
Al Qusais Industrial Fourth,Unit,521185.0,7873.0,8485.123861912314,80,Stabilized / Legacy,770625.0,4869.645,15,1.4786,3.0,1,"Cluster 1: Yield 92.0%, Price AED 3084163, Stage ~ 2.54."
Al Qusais Second,Building,2400000.0,2260.43,2815.345741320538,27,,4550000.0,3265.04,2,1.8958,,2,"Cluster 2: Yield 119.0%, Price AED 3423726, Stage ~ 0.14."
Al Qusais Second,Land,1550000.0,1671.485,2425.0695570156654,22,,,,1,,,2,"Cluster 2: Yield 119.0%, Price AED 3423726, Stage ~ 0.14."
Al Qusais Second,Villa,1300000.0,2269.27,2395.0842661715483,27,,3325000.0,3474.76,2,2.5577,,2,"Cluster 2: Yield 119.0%, Price AED 3423726, Stage ~ 0.14."
Al Raffa,Building,4807500.0,11509.48,14276.916504657853,204,,,,1,,,0,"Cluster 0: Yield 76.0%, Price AED 8661525, Stage ~ 0.29."
Al Raffa,Villa,1275000.0,10650.75,11909.6338700074,20,,1101499.0,1507.82,5,0.8639,,2,"Cluster 2: Yield 119.0%, Price AED 3423726, Stage ~ 0.14."
Al Rashidiya,Land,1300000.0,2054.94,2306.8811704121904,51,,,,1,,,2,"Cluster 2: Yield 119.0%, Price AED 3423726, Stage ~ 0.14."
Al Rashidiya,Villa,1400000.0,2690.98,2862.1360282221763,756,,2250400.0,2963.82,27,1.6074,,2,"Cluster 2: Yield 119.0%, Price AED 3423726, Stage ~ 0.14."
Al Ruwayyah,Land,1246000.0,1347.885,2537.710284138951,970,Off-Plan or Launch,2755241.0,4050.36,49,2.2113,0.0,2,"Cluster 2: Yield 119.0%, Price AED 3423726, Stage ~ 0.14."
Al Saffa Second,Villa,3850000.0,3348.525,4358.155599354505,156,,4000000.0,6027.73,15,1.039,,2,"Cluster 2: Yield 119.0%, Price AED 3423726, Stage ~ 0.14."
Al Safouh First,Unit,1245500.0,12901.845,13152.798943149315,256,Stabilized / Legacy,993000.0,10831.155,54,0.7973,3.0,1,"Cluster 1: Yield 92.0%, Price AED 3084163, Stage ~ 2.54."
Al Safouh First,Villa,6853250.0,11184.18,12863.431135989396,40,Stabilized / Legacy,4980000.0,9917.55,15,0.7267,3.0,1,"Cluster 1: Yield 92.0%, Price AED 3084163, Stage ~ 2.54."
Al Satwa,Building,2700000.0,11538.79,18396.44432084688,103,,,,1,,,0,"Cluster 0: Yield 76.0%, Price AED 8661525, Stage ~ 0.29."
Al Satwa,Land,1500000.0,6027.73,8590.22297387434,477,Off-Plan or Launch,,,1,,0.0,2,"Cluster 2: Yield 119.0%, Price AED 3423726, Stage ~ 0.14."
Al Satwa,Unit,1639470.0,18567.87,19091.1602266397,7,,1024000.0,14763.55,2,0.6246,,0,"Cluster 0: Yield 76.0%, Price AED 8661525, Stage ~ 0.29."
Al Satwa,Villa,2200000.0,7642.299999999999,9297.81581031098,314,,7875000.0,6033.14,7,3.5795,,4,"Cluster 4: Yield 521.0%, Price AED 5035274, Stage ~ 0.0."
Al Suq Al Kabeer,Building,5800000.0,25937.28,30891.998177681944,235,,,,3,,,0,"Cluster 0: Yield 76.0%, Price AED 8661525, Stage ~ 0.29."
Al Thanayah Fourth,Land,13072501.5,7021.6,9076.0460321273,506,,8210000.0,4470.219999999999,72,0.628,,2,"Cluster 2: Yield 119.0%, Price AED 3423726, Stage ~ 0.14."
Al Thanayah Fourth,Villa,2120000.0,6827.75,7198.54645303198,9741,Stabilized / Legacy,1145000.0,2509.7,3743,0.5401,3.0,1,"Cluster 1: Yield 92.0%, Price AED 3084163, Stage ~ 2.54."
Al Thanyah Fifth,Building,4388473.0,8334.945,16656.850881273862,44,Off-Plan or Launch,1694000.0,7914.41,3,0.386,0.0,0,"Cluster 0: Yield 76.0%, Price AED 8661525, Stage ~ 0.29."
Al Thanyah Fifth,Land,821016.0,3229.325,4536.225259274886,322,Stabilized / Legacy,1990000.0,1910.26,14,2.4238,3.0,1,"Cluster 1: Yield 92.0%, Price AED 3084163, Stage ~ 2.54."
Al Thanyah Fifth,Unit,900000.0,9496.34,10489.209399438132,27255,Off-Plan or Launch,893736.0,7458.15,4482,0.993,0.0,2,"Cluster 2: Yield 119.0%, Price AED 3423726, Stage ~ 0.14."
Al Thanyah Fifth,Villa,4375000.0,6117.48,6892.7889565937,3463,Early Growth,2838000.0,4115.91,1216,0.6487,1.0,2,"Cluster 2: Yield 119.0%, Price AED 3423726, Stage ~ 0.14."
Al Thanyah First,Building,64900000.0,27149.07,28875.261741315477,34,Off-Plan or Launch,,,1,,0.0,3,"Cluster 3: Yield 354.0%, Price AED 66134635, Stage ~ 0.0."
Al Thanyah First,Unit,1194018.5,12368.48,17915.909993803078,2882,Stabilized / Legacy,902676.0,8389.71,409,0.756,3.0,1,"Cluster 1: Yield 92.0%, Price AED 3084163, Stage ~ 2.54."
Al Thanyah Third,Building,74000000.0,13519.725,18786.191588428635,14,,262080000.0,51019.2,2,3.5416,,3,"Cluster 3: Yield 354.0%, Price AED 66134635, Stage ~ 0.0."
Al Thanyah Third,Unit,1199667.5,12123.975,12448.235360268432,9044,Off-Plan or Launch,850000.0,8131.385,2486,0.7085,0.0,2,"Cluster 2: Yield 119.0%, Price AED 3423726, Stage ~ 0.14."
Al Thanyah Third,Villa,3600000.0,10418.125,10935.977522510037,1704,Stabilized / Legacy,2653911.0,7771.555,581,0.7372,3.0,1,"Cluster 1: Yield 92.0%, Price AED 3084163, Stage ~ 2.54."
Al Twar First,Villa,1710000.0,2152.78,2158.8769757361038,141,,2100000.0,2092.99,10,1.2281,,2,"Cluster 2: Yield 119.0%, Price AED 3423726, Stage ~ 0.14."
Al Twar Fourth,Villa,820310.0,1705.06,1985.7852561400591,167,,3520000.0,2525.92,4,4.2911,,4,"Cluster 4: Yield 521.0%, Price AED 5035274, Stage ~ 0.0."
Al Twar Second,Villa,2800000.0,2311.18,2441.795124499464,53,,2278000.0,2370.655,5,0.8136,,2,"Cluster 2: Yield 119.0%, Price AED 3423726, Stage ~ 0.14."
Al Twar Third,Land,2650000.0,2081.02,2021.718903012032,26,,,,2,,,2,"Cluster 2: Yield 119.0%, Price AED 3423726, Stage ~ 0.14."
Al Twar Third,Villa,2695000.0,1933.91,1981.116747459916,135,,3850000.0,2743.295,9,1.4286,,2,"Cluster 2: Yield 119.0%, Price AED 3423726, Stage ~ 0.14."
Al Waheda,Villa,1300000.0,3229.94,3695.507402545188,438,,1578000.0,2873.35,19,1.2138,,2,"Cluster 2: Yield 119.0%, Price AED 3423726, Stage ~ 0.14."
Al Warqa First,Building,9747400.0,6458.35,9035.902457708904,203,,21197000.0,15210.79,1,2.1746,,2,"Cluster 2: Yield 119.0%, Price AED 3423726, Stage ~ 0.14."
Al Warqa First,Land,7462500.0,5543.76,6336.196932933341,104,,,,1,,,2,"Cluster 2: Yield 119.0%, Price AED 3423726, Stage ~ 0.14."
Al Warqa Fourth,Land,2380006.0,1937.51,4256.878792292637,19,,,,1,,,2,"Cluster 2: Yield 119.0%, Price AED 3423726, Stage ~ 0.14."
Al Warqa Fourth,Villa,1855000.0,1373.335,2156.091398029233,26,,2368800.0,2285.24,6,1.277,,2,"Cluster 2: Yield 119.0%, Price AED 3423726, Stage ~ 0.14."
Al Warqa Second,Building,3000000.0,2088.19,2356.801207546524,11,,,,1,,,2,"Cluster 2: Yield 119.0%, Price AED 3423726, Stage ~ 0.14."
Al Warqa Second,Land,2900000.0,2554.74,2173.178328932079,39,,5697500.0,4604.35,4,1.9647,,2,"Cluster 2: Yield 119.0%, Price AED 3423726, Stage ~ 0.14."
Al Warqa Second,Villa,1847909.5,1614.135,2357.0768538897946,48,,3180000.0,2727.1000000000004,6,1.7209,,2,"Cluster 2: Yield 119.0%, Price AED 3423726, Stage ~ 0.14."
Al Warqa Third,Building,2330400.0,2081.85,1942.7997544415664,25,,2532000.0,1800.07,5,1.0865,,2,"Cluster 2: Yield 119.0%, Price AED 3423726, Stage ~ 0.14."
Al Warqa Third,Land,2000000.0,1811.81,1886.354522929348,123,,2015000.0,1755.93,5,1.0075,,2,"Cluster 2: Yield 119.0%, Price AED 3423726, Stage ~ 0.14."
Al Warqa Third,Villa,1281681.0,1081.8000000000002,1386.142225154056,228,,3900000.0,3515.86,16,3.0429,,2,"Cluster 2: Yield 119.0%, Price AED 3423726, Stage ~ 0.14."
Al Warsan First,Building,13986500.0,10908.93,11412.92871800324,279,Early Growth,5266575.0,5021.35,15,0.3765,1.0,0,"Cluster 0: Yield 76.0%, Price AED 8661525, Stage ~ 0.29."
Al Warsan First,Unit,330000.0,5845.32,6244.973040222769,29289,Off-Plan or Launch,368100.0,5494.03,2534,1.1155,0.0,2,"Cluster 2: Yield 119.0%, Price AED 3423726, Stage ~ 0.14."
Al Warsan First,Villa,1600000.0,10259.74,10135.290898276506,312,Maturity,1162500.0,7548.7,66,0.7266,2.0,1,"Cluster 1: Yield 92.0%, Price AED 3084163, Stage ~ 2.54."
Al Wasl,Land,7604864.0,7831.799999999999,10291.217132614243,134,Off-Plan or Launch,,,1,,0.0,2,"Cluster 2: Yield 119.0%, Price AED 3423726, Stage ~ 0.14."
Al Wasl,Unit,3383138.0,20273.88,21351.307813677075,1169,Maturity,2359000.0,13673.395,32,0.6973,2.0,1,"Cluster 1: Yield 92.0%, Price AED 3084163, Stage ~ 2.54."
Al Wasl,Villa,5000000.0,5029.6900000000005,4940.192182871743,106,,,,3,,,2,"Cluster 2: Yield 119.0%, Price AED 3423726, Stage ~ 0.14."
Al Yelayiss 1,Villa,2200000.0,8249.02,8530.202164561239,1474,Maturity,1460625.0,5484.049999999999,360,0.6639,2.0,1,"Cluster 1: Yield 92.0%, Price AED 3084163, Stage ~ 2.54."
Al Yelayiss 2,Unit,800000.0,10294.585,10395.610603437915,1162,Maturity,600000.0,7067.94,131,0.75,2.0,1,"Cluster 1: Yield 92.0%, Price AED 3084163, Stage ~ 2.54."
Al Yelayiss 2,Villa,1780000.0,8617.42,8963.490471081235,1115,Off-Plan or Launch,1126550.0,5585.05,201,0.6329,0.0,2,"Cluster 2: Yield 119.0%, Price AED 3423726, Stage ~ 0.14."
Al Yufrah 1,Villa,2525000.0,13793.1,13934.080751568816,31,Off-Plan or Launch,2121920.0,11451.725,19,0.8404,0.0,0,"Cluster 0: Yield 76.0%, Price AED 8661525, Stage ~ 0.29."
Al Yufrah 2,Land,1249500.0,7261.23,7062.689643075235,209,Off-Plan or Launch,920000.0,4590.59,9,0.7363,0.0,2,"Cluster 2: Yield 119.0%, Price AED 3423726, Stage ~ 0.14."
Al Yufrah 2,Villa,1125000.0,6840.25,6941.686551912019,248,Off-Plan or Launch,,,8,,0.0,2,"Cluster 2: Yield 119.0%, Price AED 3423726, Stage ~ 0.14."
Al Yufrah 3,Land,869000.0,6860.3,6754.671069054809,204,Off-Plan or Launch,812500.0,5352.44,3,0.935,0.0,2,"Cluster 2: Yield 119.0%, Price AED 3423726, Stage ~ 0.14."
Al Yufrah 3,Villa,1260000.0,7437.07,7365.769071066344,120,Off-Plan or Launch,742000.0,4137.39,3,0.5889,0.0,2,"Cluster 2: Yield 119.0%, Price AED 3423726, Stage ~ 0.14."
Burj Khalifa,Unit,1787600.0,16192.62,19166.759194281047,24424,Stabilized / Legacy,1432444.0,12918.82,4522,0.8013,3.0,1,"Cluster 1: Yield 92.0%, Price AED 3084163, Stage ~ 2.54."
Business Bay,Unit,1150947.5,14725.26,15884.01945588428,15704,Stabilized / Legacy,1100000.0,12636.82,1559,0.9557,3.0,1,"Cluster 1: Yield 92.0%, Price AED 3084163, Stage ~ 2.54."
Dubai Investment Park First,Building,7526375.0,8472.88,8472.880478222203,1,Off-Plan or Launch,3353370.5,3334.53,6,0.4455,0.0,2,"Cluster 2: Yield 119.0%, Price AED 3423726, Stage ~ 0.14."
Dubai Investment Park First,Unit,1989842.0,6953.865,6375.261395862793,14,Off-Plan or Launch,1350000.0,5491.6,30,0.6784,0.0,2,"Cluster 2: Yield 119.0%, Price AED 3423726, Stage ~ 0.14."
Dubai Investment Park First,Villa,3056453.0,10133.91,9859.530132340102,106,Off-Plan or Launch,2463750.0,3289.645,117,0.8061,0.0,2,"Cluster 2: Yield 119.0%, Price AED 3423726, Stage ~ 0.14."
Eyal Nasser,Building,4100000.0,21334.31,28274.877036213627,144,,,,1,,,0,"Cluster 0: Yield 76.0%, Price AED 8661525, Stage ~ 0.29."
Ghadeer Al tair,Land,2650000.0,3431.005,3788.6729611746646,12,,,,1,,,2,"Cluster 2: Yield 119.0%, Price AED 3423726, Stage ~ 0.14."
Ghadeer Al tair,Villa,1515000.0,4212.0,3578.361681724803,17,,,,1,,,2,"Cluster 2: Yield 119.0%, Price AED 3423726, Stage ~ 0.14."
Hadaeq Sheikh Mohammed Bin Rashid,Land,9948040.0,15839.95,16942.239684946202,220,Early Growth,4000000.0,9263.33,26,0.4021,1.0,0,"Cluster 0: Yield 76.0%, Price AED 8661525, Stage ~ 0.29."
Hadaeq Sheikh Mohammed Bin Rashid,Unit,1517500.0,19698.14,19972.98121369109,1710,Early Growth,1275000.0,14814.915,106,0.8402,1.0,0,"Cluster 0: Yield 76.0%, Price AED 8661525, Stage ~ 0.29."
Hadaeq Sheikh Mohammed Bin Rashid,Villa,4060000.0,14524.94,15409.248321895804,1033,Maturity,2651260.0,8919.235,167,0.653,2.0,1,"Cluster 1: Yield 92.0%, Price AED 3084163, Stage ~ 2.54."
Hessyan First,Unit,435000.0,5858.11,6002.973600879174,65,Stabilized / Legacy,816885.0,10654.46,60,1.8779,3.0,1,"Cluster 1: Yield 92.0%, Price AED 3084163, Stage ~ 2.54."
Hessyan First,Villa,1833100.0,16620.465,16424.565419673403,54,Off-Plan or Launch,1704195.0,14587.29,11,0.9297,0.0,0,"Cluster 0: Yield 76.0%, Price AED 8661525, Stage ~ 0.29."
Hor Al Anz,Building,2250000.0,9931.78,11376.672894972018,679,,1200000.0,5489.48,5,0.5333,,2,"Cluster 2: Yield 119.0%, Price AED 3423726, Stage ~ 0.14."
Hor Al Anz,Land,1600000.0,6960.735000000001,7837.729435474213,126,,,,2,,,2,"Cluster 2: Yield 119.0%, Price AED 3423726, Stage ~ 0.14."
Hor Al Anz,Villa,1300000.0,6458.28,7274.947044519313,585,,3600000.0,15612.13,9,2.7692,,2,"Cluster 2: Yield 119.0%, Price AED 3423726, Stage ~ 0.14."
Hor Al Anz East,Villa,2200000.0,2583.235,2831.7994012887234,84,,1202500.0,1294.36,2,0.5466,,2,"Cluster 2: Yield 119.0%, Price AED 3423726, Stage ~ 0.14."
Island 2,Land,48000000.0,28354.46,36160.06773352232,63,,,,2,,,3,"Cluster 3: Yield 354.0%, Price AED 66134635, Stage ~ 0.0."
Jabal Ali,Land,6862688.5,6039.85,8867.780696809954,386,Maturity,3036250.0,11568.169999999998,25,0.4424,2.0,1,"Cluster 1: Yield 92.0%, Price AED 3084163, Stage ~ 2.54."
Jabal Ali,Unit,480000.0,7500.0,7983.246555596242,6965,,646407.0,7474.49,1765,1.3467,,2,"Cluster 2: Yield 119.0%, Price AED 3423726, Stage ~ 0.14."
Jabal Ali First,Building,33267800.0,22524.66,21206.106442273347,47,Off-Plan or Launch,45000000.0,32522.21,4,1.3527,0.0,0,"Cluster 0: Yield 76.0%, Price AED 8661525, Stage ~ 0.29."
Jabal Ali First,Land,2200000.0,3035.77,5206.666497735391,805,Off-Plan or Launch,3450000.0,7350.32,27,1.5682,0.0,2,"Cluster 2: Yield 119.0%, Price AED 3423726, Stage ~ 0.14."
Jabal Ali First,Unit,750000.0,9544.9,9757.83746210071,3225,Maturity,678010.0,7450.66,938,0.904,2.0,1,"Cluster 1: Yield 92.0%, Price AED 3084163, Stage ~ 2.54."
Jabal Ali First,Villa,2850000.0,11099.075,11246.751449882908,1444,Stabilized / Legacy,2400000.0,8540.465,345,0.8421,3.0,1,"Cluster 1: Yield 92.0%, Price AED 3084163, Stage ~ 2.54."
Jabal Ali Industrial First,Building,22000000.0,10763.92,10164.830302126527,143,,,,1,,,0,"Cluster 0: Yield 76.0%, Price AED 8661525, Stage ~ 0.29."
Jabal Ali Industrial Second,Unit,500000.0,9185.55,9841.907347535527,317,Stabilized / Legacy,532500.0,8791.29,42,1.065,3.0,1,"Cluster 1: Yield 92.0%, Price AED 3084163, Stage ~ 2.54."
Jabal Ali Industrial Second,Villa,9350000.0,11120.1,11120.097048119693,1,Stabilized / Legacy,,,1,,3.0,1,"Cluster 1: Yield 92.0%, Price AED 3084163, Stage ~ 2.54."
Jumeirah First,Land,7300000.0,7461.65,8855.068429788447,301,,3870000.0,4622.285,16,0.5301,,2,"Cluster 2: Yield 119.0%, Price AED 3423726, Stage ~ 0.14."
Jumeirah First,Unit,2958000.0,29043.97,29641.072152028897,329,Off-Plan or Launch,2098800.0,23460.18,14,0.7095,0.0,0,"Cluster 0: Yield 76.0%, Price AED 8661525, Stage ~ 0.29."
Jumeirah First,Villa,4695000.0,6498.235000000001,9294.07015750816,248,Off-Plan or Launch,3600000.0,5584.7,13,0.7668,0.0,2,"Cluster 2: Yield 119.0%, Price AED 3423726, Stage ~ 0.14."
Jumeirah Second,Villa,5000000.0,5651.06,6382.773334026745,113,,4535000.0,7395.725,14,0.907,,2,"Cluster 2: Yield 119.0%, Price AED 3423726, Stage ~ 0.14."
Jumeirah Third,Land,7800000.0,6535.79,7633.32744614538,37,,,,1,,,2,"Cluster 2: Yield 119.0%, Price AED 3423726, Stage ~ 0.14."
Jumeirah Third,Villa,4500000.0,4999.505,5484.871185371272,250,,7650000.0,6593.975,16,1.7,,2,"Cluster 2: Yield 119.0%, Price AED 3423726, Stage ~ 0.14."
Madinat Al Mataar,Unit,542000.0,8305.84,8567.226584301767,1423,Early Growth,872147.0,6449.89,75,1.6091,1.0,2,"Cluster 2: Yield 119.0%, Price AED 3423726, Stage ~ 0.14."
Madinat Al Mataar,Villa,2340000.0,10872.39,11100.861073721626,166,Off-Plan or Launch,1840000.0,8159.635,58,0.7863,0.0,2,"Cluster 2: Yield 119.0%, Price AED 3423726, Stage ~ 0.14."
Madinat Dubai Almelaheyah,Building,77638540.0,19371.42,20035.98709632913,6,Off-Plan or Launch,,,1,,0.0,3,"Cluster 3: Yield 354.0%, Price AED 66134635, Stage ~ 0.0."
Madinat Dubai Almelaheyah,Unit,2314585.0,19823.96,20592.051995934784,84,Stabilized / Legacy,1400000.0,15019.85,3,0.6049,3.0,1,"Cluster 1: Yield 92.0%, Price AED 3084163, Stage ~ 2.54."
Madinat Hind 4,Land,1350000.0,9142.6,8774.307860994126,1524,Early Growth,1212500.0,7285.97,206,0.8981,1.0,2,"Cluster 2: Yield 119.0%, Price AED 3423726, Stage ~ 0.14."
Madinat Hind 4,Unit,417000.0,9657.48,10051.731838680313,187,Early Growth,315240.0,7890.51,5,0.756,1.0,2,"Cluster 2: Yield 119.0%, Price AED 3423726, Stage ~ 0.14."
Mankhool,Building,24000000.0,18952.49,21497.48084531113,115,,,,2,,,0,"Cluster 0: Yield 76.0%, Price AED 8661525, Stage ~ 0.29."
Mankhool,Land,7100000.0,5704.860000000001,10501.237416030095,58,,,,2,,,2,"Cluster 2: Yield 119.0%, Price AED 3423726, Stage ~ 0.14."
Mankhool,Villa,2900000.0,3253.13,3407.156464532464,62,,2957500.0,3509.84,3,1.0198,,2,"Cluster 2: Yield 119.0%, Price AED 3423726, Stage ~ 0.14."
Marsa Dubai,Unit,1400000.0,12686.64,14459.712271525032,43625,Stabilized / Legacy,1200000.0,9711.6,5261,0.8571,3.0,1,"Cluster 1: Yield 92.0%, Price AED 3084163, Stage ~ 2.54."
Marsa Dubai,Villa,5000000.0,11850.53,13171.8006235154,65,Off-Plan or Launch,2850000.0,7451.82,8,0.57,0.0,0,"Cluster 0: Yield 76.0%, Price AED 8661525, Stage ~ 0.29."
Me'Aisem First,Land,4164150.0,3767.36,7505.438190552926,315,Off-Plan or Launch,4800000.0,7268.17,5,1.1527,0.0,2,"Cluster 2: Yield 119.0%, Price AED 3423726, Stage ~ 0.14."
Me'Aisem First,Unit,460000.0,9035.27,9090.75659920299,4855,Stabilized / Legacy,637500.0,7488.225,574,1.3859,3.0,1,"Cluster 1: Yield 92.0%, Price AED 3084163, Stage ~ 2.54."
Me'Aisem First,Villa,6776000.0,12366.33,13891.603347104769,811,Maturity,5013475.5,6989.455,112,0.7399,2.0,1,"Cluster 1: Yield 92.0%, Price AED 3084163, Stage ~ 2.54."
Mirdif,Building,6062912.5,4238.6,5516.66915529941,124,Off-Plan or Launch,,,1,,0.0,2,"Cluster 2: Yield 119.0%, Price AED 3423726, Stage ~ 0.14."
Mirdif,Land,2250000.0,2430.85,3641.7091736897455,398,,,,2,,,2,"Cluster 2: Yield 119.0%, Price AED 3423726, Stage ~ 0.14."
Mirdif,Unit,1371666.5,11045.585,11868.185344320877,170,Stabilized / Legacy,1105000.0,8826.36,61,0.8056,3.0,1,"Cluster 1: Yield 92.0%, Price AED 3084163, Stage ~ 2.54."
Mirdif,Villa,1750000.0,2138.42,3066.261146953351,2659,,3000000.0,4001.86,106,1.7143,,2,"Cluster 2: Yield 119.0%, Price AED 3423726, Stage ~ 0.14."
Muhaisanah First,Building,2500000.0,1838.64,2179.967740108053,30,,,,1,,,2,"Cluster 2: Yield 119.0%, Price AED 3423726, Stage ~ 0.14."
Muhaisanah First,Land,2500000.0,2125.16,1895.964872388648,46,,,,1,,,2,"Cluster 2: Yield 119.0%, Price AED 3423726, Stage ~ 0.14."
Muhaisanah First,Unit,1515000.0,12260.95,12192.604433872197,53,,1030904.0,8072.93,65,0.6805,,2,"Cluster 2: Yield 119.0%, Price AED 3423726, Stage ~ 0.14."
Muhaisanah First,Villa,2165000.0,1730.925,2081.7278902222884,100,,3240000.0,2325.0,5,1.4965,,2,"Cluster 2: Yield 119.0%, Price AED 3423726, Stage ~ 0.14."
Muhaisanah Fourth,Land,7380000.0,5429.42,5950.350146090739,27,,,,1,,,2,"Cluster 2: Yield 119.0%, Price AED 3423726, Stage ~ 0.14."
Muhaisanah Third,Building,2270350.0,1578.705,1552.1897491594416,24,,,,1,,,2,"Cluster 2: Yield 119.0%, Price AED 3423726, Stage ~ 0.14."
Muhaisanah Third,Villa,1712500.0,1333.605,1589.9886342162265,184,,3499999.5,2545.525,15,2.0438,,2,"Cluster 2: Yield 119.0%, Price AED 3423726, Stage ~ 0.14."
Nad Al Hamar,Building,4400000.0,2368.06,2865.146395339284,101,,,,2,,,2,"Cluster 2: Yield 119.0%, Price AED 3423726, Stage ~ 0.14."
Nad Al Hamar,Land,3120300.0,2152.78,2445.6338757788644,260,,,,1,,,2,"Cluster 2: Yield 119.0%, Price AED 3423726, Stage ~ 0.14."
Nad Al Hamar,Unit,1315000.0,10704.56,10811.4753321705,24,,935760.0,8892.015,5,0.7116,,2,"Cluster 2: Yield 119.0%, Price AED 3423726, Stage ~ 0.14."
Nad Al Hamar,Villa,1619777.5,1399.3049999999998,1822.7359956922107,318,,3450000.0,2655.09,17,2.1299,,2,"Cluster 2: Yield 119.0%, Price AED 3423726, Stage ~ 0.14."
Nad Al Shiba,Land,5183497.0,1937.55,2984.116301215797,483,Off-Plan or Launch,2673584.5,4756.200000000001,26,0.5158,0.0,2,"Cluster 2: Yield 119.0%, Price AED 3423726, Stage ~ 0.14."
Nad Al Shiba,Unit,569520.0,7536.27,7860.288368324374,612,Off-Plan or Launch,596202.0,6993.97,329,1.0468,0.0,2,"Cluster 2: Yield 119.0%, Price AED 3423726, Stage ~ 0.14."
Nad Al Shiba,Villa,913800.0,1076.39,1076.3884798869192,1,,7200000.0,6496.26,2,7.8792,,4,"Cluster 4: Yield 521.0%, Price AED 5035274, Stage ~ 0.0."
Nad Al Shiba First,Land,3800000.0,3875.08,5955.118771895272,335,Off-Plan or Launch,3862500.0,4182.355,5,1.0164,0.0,2,"Cluster 2: Yield 119.0%, Price AED 3423726, Stage ~ 0.14."
Nad Al Shiba First,Unit,1185000.0,12078.89,11862.855097585832,762,Maturity,982000.0,8909.285,117,0.8287,2.0,1,"Cluster 1: Yield 92.0%, Price AED 3084163, Stage ~ 2.54."
Nad Al Shiba First,Villa,5550000.0,14205.0,14462.92325567597,439,Maturity,3841650.0,9171.825,86,0.6922,2.0,1,"Cluster 1: Yield 92.0%, Price AED 3084163, Stage ~ 2.54."
Nad Al Shiba Third,Land,2788000.0,5825.08,6398.505275342895,287,Off-Plan or Launch,3100000.0,6614.875,59,1.1119,0.0,2,"Cluster 2: Yield 119.0%, Price AED 3423726, Stage ~ 0.14."
Nad Shamma,Villa,2000000.0,2152.78,1953.5786277134987,13,,2959127.5,3386.895,3,1.4796,,2,"Cluster 2: Yield 119.0%, Price AED 3423726, Stage ~ 0.14."
Nadd Hessa,Building,19624323.0,6869.33,11310.00668991738,38,Off-Plan or Launch,22000000.0,10484.78,2,1.1211,0.0,0,"Cluster 0: Yield 76.0%, Price AED 8661525, Stage ~ 0.29."
Nadd Hessa,Land,10536096.5,4405.13,5814.672453235081,30,Off-Plan or Launch,1600000.0,3404.4,1,0.1519,0.0,2,"Cluster 2: Yield 119.0%, Price AED 3423726, Stage ~ 0.14."
Nadd Hessa,Unit,489173.0,8146.69,8298.919795856125,763,Off-Plan or Launch,550000.0,7193.46,862,1.1243,0.0,2,"Cluster 2: Yield 119.0%, Price AED 3423726, Stage ~ 0.14."
Nadd Hessa,Villa,2980147.5,6724.21,7242.033888678025,474,,2051948.0,5025.799999999999,143,0.6885,,2,"Cluster 2: Yield 119.0%, Price AED 3423726, Stage ~ 0.14."
Naif,Building,4004990.0,21234.19,28291.72499709037,304,,3315000.0,27385.38,6,0.8277,,0,"Cluster 0: Yield 76.0%, Price AED 8661525, Stage ~ 0.29."
Oud Al Muteena First,Villa,1600000.0,4124.83,3681.194315721265,3,,2400000.0,3384.43,3,1.5,,2,"Cluster 2: Yield 119.0%, Price AED 3423726, Stage ~ 0.14."
Palm Jumeirah,Land,789120.0,6458.34,11974.473605517827,791,Off-Plan or Launch,3660000.0,5289.02,8,4.6381,0.0,4,"Cluster 4: Yield 521.0%, Price AED 5035274, Stage ~ 0.0."
Palm Jumeirah,Unit,2500000.0,15856.24,17845.97274491986,10401,Stabilized / Legacy,1916724.0,11185.43,1117,0.7667,3.0,1,"Cluster 1: Yield 92.0%, Price AED 3084163, Stage ~ 2.54."
Palm Jumeirah,Villa,8250000.0,13256.42,16221.451304850578,2347,Stabilized / Legacy,6000000.0,9076.42,225,0.7273,3.0,1,"Cluster 1: Yield 92.0%, Price AED 3084163, Stage ~ 2.54."
Port Saeed,Unit,1303109.0,15798.63,15840.45584306518,328,,1151946.0,11172.97,70,0.884,,0,"Cluster 0: Yield 76.0%, Price AED 8661525, Stage ~ 0.29."
Rega Al Buteen,Unit,1350000.0,9082.22,10434.832014060816,139,,1342000.0,10537.905,41,0.9941,,2,"Cluster 2: Yield 119.0%, Price AED 3423726, Stage ~ 0.14."
Saih Shuaib 1,Land,1569830.0,1453.13,1785.0493685897732,1386,,665585.0,665.505,8,0.424,,2,"Cluster 2: Yield 119.0%, Price AED 3423726, Stage ~ 0.14."
Saih Shuaib 2,Building,6582669.0,1743.96,1786.412906778411,9,Off-Plan or Launch,57650000.0,14810.38,2,8.7578,0.0,4,"Cluster 4: Yield 521.0%, Price AED 5035274, Stage ~ 0.0."
Saih Shuaib 2,Unit,751770.0,10763.884999999998,10839.681685607116,274,Off-Plan or Launch,600000.0,8593.53,7,0.7981,0.0,2,"Cluster 2: Yield 119.0%, Price AED 3423726, Stage ~ 0.14."
Saih Shuaib 2,Villa,775400.0,7029.04,7179.432626516753,126,Early Growth,544000.0,4675.17,14,0.7016,1.0,2,"Cluster 2: Yield 119.0%, Price AED 3423726, Stage ~ 0.14."
Trade Center First,Unit,2498035.0,16145.89,17357.623368788103,188,Early Growth,1809984.0,10656.24,44,0.7246,1.0,0,"Cluster 0: Yield 76.0%, Price AED 8661525, Stage ~ 0.29."
Trade Center Second,Unit,2378000.0,14257.995,13421.372901454555,4,,2440600.0,12055.75,131,1.0263,,0,"Cluster 0: Yield 76.0%, Price AED 8661525, Stage ~ 0.29."
Um Al Sheif,Building,9000937.5,6529.975,8386.87317398002,62,,,,1,,,2,"Cluster 2: Yield 119.0%, Price AED 3423726, Stage ~ 0.14."
Um Al Sheif,Land,7613450.0,5381.94,6482.570158825907,177,,6253000.0,4547.74,3,0.8213,,2,"Cluster 2: Yield 119.0%, Price AED 3423726, Stage ~ 0.14."
Um Al Sheif,Villa,6000000.0,4951.38,5430.805287277326,201,,8200000.0,6152.095,7,1.3667,,2,"Cluster 2: Yield 119.0%, Price AED 3423726, Stage ~ 0.14."
Um Hurair Second,Unit,1647000.0,20463.24,18993.21962255119,97,,1926417.0,15401.76,11,1.1697,,0,"Cluster 0: Yield 76.0%, Price AED 8661525, Stage ~ 0.29."
Um Suqaim First,Land,5250000.0,5789.88,8168.330636605635,39,,,,2,,,2,"Cluster 2: Yield 119.0%, Price AED 3423726, Stage ~ 0.14."
Um Suqaim First,Villa,5625000.0,6070.860000000001,6685.048615941409,242,,,,7,,,2,"Cluster 2: Yield 119.0%, Price AED 3423726, Stage ~ 0.14."
Um Suqaim Second,Building,5900000.0,4299.165,6496.99453600302,28,Off-Plan or Launch,,,1,,0.0,2,"Cluster 2: Yield 119.0%, Price AED 3423726, Stage ~ 0.14."
Um Suqaim Second,Land,5410240.0,5328.14,6490.618596932136,105,,,,3,,,2,"Cluster 2: Yield 119.0%, Price AED 3423726, Stage ~ 0.14."
Um Suqaim Second,Villa,4000000.0,4549.5,6681.48129791583,285,,4410000.0,7417.0,23,1.1025,,2,"Cluster 2: Yield 119.0%, Price AED 3423726, Stage ~ 0.14."
Um Suqaim Third,Unit,2350000.0,28141.215,28567.03763207416,240,Off-Plan or Launch,1806250.0,19836.55,13,0.7686,0.0,0,"Cluster 0: Yield 76.0%, Price AED 8661525, Stage ~ 0.29."
Um Suqaim Third,Villa,5950000.0,4551.01,6465.562117049993,166,,19125000.0,5198.48,5,3.2143,,4,"Cluster 4: Yield 521.0%, Price AED 5035274, Stage ~ 0.0."
Wadi Al Amardi,Building,12000000.0,649.27,704.3413504505706,63,,,,1,,,2,"Cluster 2: Yield 119.0%, Price AED 3423726, Stage ~ 0.14."
Wadi Al Safa 2,Land,655264.5,1124.24,1894.9969682075807,692,Early Growth,,,5,,1.0,2,"Cluster 2: Yield 119.0%, Price AED 3423726, Stage ~ 0.14."
Wadi Al Safa 2,Unit,550000.0,7165.11,7034.552058524439,2091,Off-Plan or Launch,585000.0,6838.07,1365,1.0636,0.0,2,"Cluster 2: Yield 119.0%, Price AED 3423726, Stage ~ 0.14."
Wadi Al Safa 2,Villa,3100000.0,6195.34,6360.194364852787,404,Stabilized / Legacy,2326353.0,4382.0,291,0.7504,3.0,1,"Cluster 1: Yield 92.0%, Price AED 3084163, Stage ~ 2.54."
Wadi Al Safa 3,Building,7480000.0,3498.27,6789.151921973579,21,Off-Plan or Launch,85000000.0,22622.09,6,11.3636,0.0,4,"Cluster 4: Yield 521.0%, Price AED 5035274, Stage ~ 0.0."
Wadi Al Safa 3,Land,8000000.0,3871.86,6253.014015501207,294,Off-Plan or Launch,20000000.0,15686.27,6,2.5,0.0,2,"Cluster 2: Yield 119.0%, Price AED 3423726, Stage ~ 0.14."
Wadi Al Safa 3,Unit,950000.0,9041.68,9846.49663830814,987,Off-Plan or Launch,715000.0,6833.504999999999,289,0.7526,0.0,2,"Cluster 2: Yield 119.0%, Price AED 3423726, Stage ~ 0.14."
Wadi Al Safa 3,Villa,4700000.0,7987.445,9421.893217753024,642,Maturity,2537550.0,4565.575,365,0.5399,2.0,1,"Cluster 1: Yield 92.0%, Price AED 3084163, Stage ~ 2.54."
Wadi Al Safa 5,Building,6128500.0,2906.62,7672.934149474719,34,Off-Plan or Launch,25700000.0,10271.91,2,4.1935,0.0,4,"Cluster 4: Yield 521.0%, Price AED 5035274, Stage ~ 0.0."
Wadi Al Safa 5,Land,3500000.0,3678.98,4580.982903856392,705,Off-Plan or Launch,3000000.0,4660.48,92,0.8571,0.0,2,"Cluster 2: Yield 119.0%, Price AED 3423726, Stage ~ 0.14."
Wadi Al Safa 5,Unit,525000.0,7294.45,7358.528609118855,3380,Stabilized / Legacy,598493.0,7212.57,3583,1.14,3.0,1,"Cluster 1: Yield 92.0%, Price AED 3084163, Stage ~ 2.54."
Wadi Al Safa 5,Villa,3175000.0,6216.1,7315.814341644174,1809,Off-Plan or Launch,2355500.0,4073.99,839,0.7419,0.0,2,"Cluster 2: Yield 119.0%, Price AED 3423726, Stage ~ 0.14."
Wadi Al Safa 6,Land,10150000.0,6356.51,6619.49137212054,10,Off-Plan or Launch,1437515.4,2106.38,4,0.1416,0.0,2,"Cluster 2: Yield 119.0%, Price AED 3423726, Stage ~ 0.14."
Wadi Al Safa 6,Villa,2900000.0,6029.295,6564.282374018099,5986,Off-Plan or Launch,1732550.0,3288.01,2197,0.5974,0.0,2,"Cluster 2: Yield 119.0%, Price AED 3423726, Stage ~ 0.14."
Wadi Al Safa 7,Unit,1210000.0,9205.31,9243.72522689613,290,Off-Plan or Launch,1832000.0,10810.81,40,1.514,0.0,2,"Cluster 2: Yield 119.0%, Price AED 3423726, Stage ~ 0.14."
Wadi Al Safa 7,Villa,3300000.0,10303.97,11177.52759880295,1503,Maturity,2298750.0,6716.475,311,0.6966,2.0,1,"Cluster 1: Yield 92.0%, Price AED 3084163, Stage ~ 2.54."
Warsan Fourth,Building,5700063.0,2176.005,4409.51140340446,88,Off-Plan or Launch,20000000.0,8002.14,2,3.5087,0.0,4,"Cluster 4: Yield 521.0%, Price AED 5035274, Stage ~ 0.0."
Warsan Fourth,Unit,420000.0,7808.434999999999,7870.840979137641,1434,Off-Plan or Launch,526100.0,6463.04,162,1.2526,0.0,2,"Cluster 2: Yield 119.0%, Price AED 3423726, Stage ~ 0.14."
Zaabeel Second,Unit,2800000.0,27113.46,26975.85446615389,357,Off-Plan or Launch,2332000.0,20956.15,8,0.8329,0.0,0,"Cluster 0: Yield 76.0%, Price AED 8661525, Stage ~ 0.29."
